,year,AudioFeature,Value
0,1900,acousticness,0.918
1,1900,danceability,0.5208571428571428
2,1900,duration_ms,244516.2857142857
3,1900,energy,0.2566985714285714
4,1900,instrumentalness,0.1442466142857143
5,1900,key,2.0
6,1900,liveness,0.15071428571428575
7,1900,loudness,-14.41457142857143
8,1900,mode,0.5714285714285714
9,1900,speechiness,0.0378
10,1900,tempo,102.5752857142857
11,1900,time_signature,4.0
12,1900,valence,0.6394285714285713
13,1908,acousticness,0.314
14,1908,danceability,0.5700000000000001
15,1908,duration_ms,269400.0
16,1908,energy,0.41000000000000003
17,1908,instrumentalness,0.001017
18,1908,key,4.5
19,1908,liveness,0.11549999999999999
20,1908,loudness,-15.3585
21,1908,mode,1.0
22,1908,speechiness,0.05625
23,1908,tempo,90.1515
24,1908,time_signature,2.5
25,1908,valence,0.6779999999999999
26,1909,acousticness,0.792
27,1909,danceability,0.356
28,1909,duration_ms,187573.0
29,1909,energy,0.263
30,1909,instrumentalness,0.00612
31,1909,key,5.0
32,1909,liveness,0.178
33,1909,loudness,-8.239
34,1909,mode,1.0
35,1909,speechiness,0.0308
36,1909,tempo,73.827
37,1909,time_signature,4.0
38,1909,valence,0.374
39,1920,acousticness,0.993
40,1920,danceability,0.53
41,1920,duration_ms,186580.0
42,1920,energy,0.248
43,1920,instrumentalness,0.006261
44,1920,key,4.5
45,1920,liveness,0.41700000000000004
46,1920,loudness,-10.689499999999999
47,1920,mode,0.5
48,1920,speechiness,0.06495000000000001
49,1920,tempo,126.10900000000001
50,1920,time_signature,4.0
51,1920,valence,0.535
52,1923,acousticness,0.996
53,1923,danceability,0.614
54,1923,duration_ms,177133.0
55,1923,energy,0.0423
56,1923,instrumentalness,0.00293
57,1923,key,4.0
58,1923,liveness,0.183
59,1923,loudness,-12.033
60,1923,mode,1.0
61,1923,speechiness,0.0535
62,1923,tempo,89.822
63,1923,time_signature,4.0
64,1923,valence,0.211
65,1924,acousticness,0.9951666666666666
66,1924,danceability,0.4763333333333333
67,1924,duration_ms,178524.16666666666
68,1924,energy,0.21566666666666667
69,1924,instrumentalness,0.6536666666666667
70,1924,key,6.333333333333333
71,1924,liveness,0.1855
72,1924,loudness,-13.065166666666665
73,1924,mode,0.8333333333333334
74,1924,speechiness,0.04711666666666667
75,1924,tempo,84.80383333333333
76,1924,time_signature,4.0
77,1924,valence,0.39566666666666667
78,1926,acousticness,0.9245000000000001
79,1926,danceability,0.64275
80,1926,duration_ms,187943.25
81,1926,energy,0.2445
82,1926,instrumentalness,0.21287702499999997
83,1926,key,4.5
84,1926,liveness,0.286
85,1926,loudness,-13.1145
86,1926,mode,0.5
87,1926,speechiness,0.06165000000000001
88,1926,tempo,111.12299999999999
89,1926,time_signature,4.0
90,1926,valence,0.61225
91,1927,acousticness,0.988
92,1927,danceability,0.6134999999999999
93,1927,duration_ms,190593.0
94,1927,energy,0.127
95,1927,instrumentalness,0.00276655
96,1927,key,5.5
97,1927,liveness,0.1365
98,1927,loudness,-15.253
99,1927,mode,1.0
100,1927,speechiness,0.0461
101,1927,tempo,117.5765
102,1927,time_signature,4.0
103,1927,valence,0.5035000000000001
104,1928,acousticness,0.9602222222222222
105,1928,danceability,0.5862222222222222
106,1928,duration_ms,185529.22222222222
107,1928,energy,0.23406666666666665
108,1928,instrumentalness,0.22575385555555558
109,1928,key,6.777777777777778
110,1928,liveness,0.15121111111111113
111,1928,loudness,-14.147333333333332
112,1928,mode,1.0
113,1928,speechiness,0.0544
114,1928,tempo,118.14988888888888
115,1928,time_signature,3.5555555555555554
116,1928,valence,0.57
117,1929,acousticness,0.8169999999999998
118,1929,danceability,0.6766666666666667
119,1929,duration_ms,193385.33333333334
120,1929,energy,0.30833333333333335
121,1929,instrumentalness,0.0803
122,1929,key,4.666666666666667
123,1929,liveness,0.18666666666666668
124,1929,loudness,-13.037666666666667
125,1929,mode,0.3333333333333333
126,1929,speechiness,0.04886666666666667
127,1929,tempo,94.61900000000001
128,1929,time_signature,4.0
129,1929,valence,0.6
130,1930,acousticness,0.979
131,1930,danceability,0.586
132,1930,duration_ms,180093.0
133,1930,energy,0.283
134,1930,instrumentalness,0.0476
135,1930,key,5.0
136,1930,liveness,0.0994
137,1930,loudness,-10.568
138,1930,mode,1.0
139,1930,speechiness,0.0517
140,1930,tempo,145.514
141,1930,time_signature,4.0
142,1930,valence,0.439
143,1931,acousticness,0.916
144,1931,danceability,0.565
145,1931,duration_ms,162467.0
146,1931,energy,0.295
147,1931,instrumentalness,0.552
148,1931,key,0.0
149,1931,liveness,0.176
150,1931,loudness,-11.088
151,1931,mode,1.0
152,1931,speechiness,0.0392
153,1931,tempo,98.003
154,1931,time_signature,4.0
155,1931,valence,0.657
156,1932,acousticness,0.977
157,1932,danceability,0.623
158,1932,duration_ms,191124.0
159,1932,energy,0.26
160,1932,instrumentalness,0.236
161,1932,key,6.0
162,1932,liveness,0.124
163,1932,loudness,-12.084
164,1932,mode,0.0
165,1932,speechiness,0.0534
166,1932,tempo,102.395
167,1932,time_signature,4.0
168,1932,valence,0.595
169,1933,acousticness,0.9744999999999999
170,1933,danceability,0.5081666666666668
171,1933,duration_ms,183922.16666666666
172,1933,energy,0.24373333333333333
173,1933,instrumentalness,0.29583570666666664
174,1933,key,4.666666666666667
175,1933,liveness,0.15033333333333335
176,1933,loudness,-12.763166666666669
177,1933,mode,0.16666666666666666
178,1933,speechiness,0.03965
179,1933,tempo,114.70533333333334
180,1933,time_signature,4.166666666666667
181,1933,valence,0.5113333333333333
182,1935,acousticness,0.9012
183,1935,danceability,0.6923999999999999
184,1935,duration_ms,180842.8
185,1935,energy,0.47940000000000005
186,1935,instrumentalness,0.120092
187,1935,key,8.4
188,1935,liveness,0.21136
189,1935,loudness,-9.4744
190,1935,mode,0.8
191,1935,speechiness,0.1619
192,1935,tempo,122.3854
193,1935,time_signature,4.0
194,1935,valence,0.7163999999999999
195,1936,acousticness,0.98
196,1936,danceability,0.691
197,1936,duration_ms,176627.0
198,1936,energy,0.0958
199,1936,instrumentalness,1.61e-05
200,1936,key,1.0
201,1936,liveness,0.0931
202,1936,loudness,-13.9
203,1936,mode,0.0
204,1936,speechiness,0.143
205,1936,tempo,101.574
206,1936,time_signature,4.0
207,1936,valence,0.519
208,1937,acousticness,0.9597777777777777
209,1937,danceability,0.5755555555555555
210,1937,duration_ms,169321.44444444444
211,1937,energy,0.41603333333333337
212,1937,instrumentalness,0.4803584855555555
213,1937,key,5.777777777777778
214,1937,liveness,0.16378888888888887
215,1937,loudness,-13.404777777777781
216,1937,mode,0.6666666666666666
217,1937,speechiness,0.060222222222222226
218,1937,tempo,119.95466666666668
219,1937,time_signature,3.888888888888889
220,1937,valence,0.7047777777777777
221,1939,acousticness,0.824
222,1939,danceability,0.463
223,1939,duration_ms,209573.0
224,1939,energy,0.654
225,1939,instrumentalness,0.917
226,1939,key,8.0
227,1939,liveness,0.372
228,1939,loudness,-9.72
229,1939,mode,1.0
230,1939,speechiness,0.0659
231,1939,tempo,175.204
232,1939,time_signature,4.0
233,1939,valence,0.592
234,1940,acousticness,0.992
235,1940,danceability,0.685
236,1940,duration_ms,186667.0
237,1940,energy,0.3
238,1940,instrumentalness,0.117
239,1940,key,0.0
240,1940,liveness,0.224
241,1940,loudness,-10.484
242,1940,mode,0.0
243,1940,speechiness,0.0617
244,1940,tempo,112.353
245,1940,time_signature,4.0
246,1940,valence,0.746
247,1941,acousticness,0.602
248,1941,danceability,0.662
249,1941,duration_ms,144613.0
250,1941,energy,0.172
251,1941,instrumentalness,0.0
252,1941,key,10.0
253,1941,liveness,0.115
254,1941,loudness,-16.877
255,1941,mode,1.0
256,1941,speechiness,0.0675
257,1941,tempo,92.821
258,1941,time_signature,4.0
259,1941,valence,0.755
260,1944,acousticness,0.977
261,1944,danceability,0.454
262,1944,duration_ms,176362.0
263,1944,energy,0.326
264,1944,instrumentalness,0.173
265,1944,key,10.0
266,1944,liveness,0.176
267,1944,loudness,-10.768
268,1944,mode,1.0
269,1944,speechiness,0.0446
270,1944,tempo,74.47
271,1944,time_signature,4.0
272,1944,valence,0.422
273,1945,acousticness,0.9225
274,1945,danceability,0.6875
275,1945,duration_ms,158623.5
276,1945,energy,0.2745
277,1945,instrumentalness,0.27615500000000004
278,1945,key,8.5
279,1945,liveness,0.08990000000000001
280,1945,loudness,-13.652999999999999
281,1945,mode,1.0
282,1945,speechiness,0.154
283,1945,tempo,148.86599999999999
284,1945,time_signature,4.0
285,1945,valence,0.7885
286,1947,acousticness,0.6285999999999999
287,1947,danceability,0.5942000000000001
288,1947,duration_ms,257984.0
289,1947,energy,0.277
290,1947,instrumentalness,0.18702
291,1947,key,4.8
292,1947,liveness,0.14906
293,1947,loudness,-17.009
294,1947,mode,0.8
295,1947,speechiness,0.0461
296,1947,tempo,91.7366
297,1947,time_signature,4.0
298,1947,valence,0.48274000000000006
299,1949,acousticness,0.9736666666666668
300,1949,danceability,0.4543333333333333
301,1949,duration_ms,194764.66666666666
302,1949,energy,0.03608666666666667
303,1949,instrumentalness,0.6033333333333334
304,1949,key,6.666666666666667
305,1949,liveness,0.0904
306,1949,loudness,-29.899333333333335
307,1949,mode,0.3333333333333333
308,1949,speechiness,0.08839999999999999
309,1949,tempo,85.44866666666667
310,1949,time_signature,3.3333333333333335
311,1949,valence,0.36166666666666664
312,1950,acousticness,0.902
313,1950,danceability,0.44766666666666666
314,1950,duration_ms,206903.0
315,1950,energy,0.17361666666666667
316,1950,instrumentalness,0.20261571999999997
317,1950,key,3.0
318,1950,liveness,0.17983333333333332
319,1950,loudness,-15.1945
320,1950,mode,0.5
321,1950,speechiness,0.03573333333333333
322,1950,tempo,108.16383333333333
323,1950,time_signature,4.0
324,1950,valence,0.3775
325,1951,acousticness,0.9215555555555556
326,1951,danceability,0.5468888888888889
327,1951,duration_ms,183952.88888888888
328,1951,energy,0.3692222222222223
329,1951,instrumentalness,0.16387197777777776
330,1951,key,4.333333333333333
331,1951,liveness,0.11213333333333335
332,1951,loudness,-8.698555555555554
333,1951,mode,0.7777777777777778
334,1951,speechiness,0.04146666666666667
335,1951,tempo,122.67522222222222
336,1951,time_signature,3.6666666666666665
337,1951,valence,0.5532222222222222
338,1952,acousticness,0.9934999999999999
339,1952,danceability,0.515
340,1952,duration_ms,178148.25
341,1952,energy,0.191225
342,1952,instrumentalness,0.710725
343,1952,key,5.0
344,1952,liveness,0.12442500000000001
345,1952,loudness,-16.5385
346,1952,mode,0.25
347,1952,speechiness,0.05305
348,1952,tempo,75.3805
349,1952,time_signature,3.5
350,1952,valence,0.5985
351,1953,acousticness,0.885818181818182
352,1953,danceability,0.5019090909090909
353,1953,duration_ms,189999.27272727274
354,1953,energy,0.3208636363636364
355,1953,instrumentalness,0.3496232827272727
356,1953,key,4.363636363636363
357,1953,liveness,0.12492727272727273
358,1953,loudness,-12.74409090909091
359,1953,mode,0.7272727272727273
360,1953,speechiness,0.06063636363636364
361,1953,tempo,122.6232727272727
362,1953,time_signature,4.0
363,1953,valence,0.5665454545454545
364,1954,acousticness,0.8305151515151518
365,1954,danceability,0.5394545454545454
366,1954,duration_ms,230813.9393939394
367,1954,energy,0.325639393939394
368,1954,instrumentalness,0.3113979090909092
369,1954,key,5.121212121212121
370,1954,liveness,0.16447878787878786
371,1954,loudness,-12.940454545454546
372,1954,mode,0.6060606060606061
373,1954,speechiness,0.055984848484848485
374,1954,tempo,107.74754545454542
375,1954,time_signature,3.8484848484848486
376,1954,valence,0.517509090909091
377,1955,acousticness,0.9109117647058824
378,1955,danceability,0.5005294117647059
379,1955,duration_ms,255350.4411764706
380,1955,energy,0.1939294117647059
381,1955,instrumentalness,0.2634244520588235
382,1955,key,6.352941176470588
383,1955,liveness,0.15939117647058823
384,1955,loudness,-15.387088235294115
385,1955,mode,0.5294117647058824
386,1955,speechiness,0.05037941176470589
387,1955,tempo,107.47176470588235
388,1955,time_signature,3.9705882352941178
389,1955,valence,0.3626088235294118
390,1956,acousticness,0.8624218749999996
391,1956,danceability,0.5224531250000002
392,1956,duration_ms,223265.46875
393,1956,energy,0.22721656249999997
394,1956,instrumentalness,0.18065615703125001
395,1956,key,4.546875
396,1956,liveness,0.155590625
397,1956,loudness,-14.393281249999996
398,1956,mode,0.640625
399,1956,speechiness,0.048184374999999995
400,1956,tempo,114.94975
401,1956,time_signature,3.78125
402,1956,valence,0.44882812500000013
403,1957,acousticness,0.8204770642201838
404,1957,danceability,0.5284862385321101
405,1957,duration_ms,273900.6422018349
406,1957,energy,0.24158348623853207
407,1957,instrumentalness,0.24879972119266053
408,1957,key,4.293577981651376
409,1957,liveness,0.13585596330275232
410,1957,loudness,-13.911623853211006
411,1957,mode,0.6238532110091743
412,1957,speechiness,0.05189082568807341
413,1957,tempo,106.23052293577979
414,1957,time_signature,3.889908256880734
415,1957,valence,0.4345321100917431
416,1958,acousticness,0.8019253731343285
417,1958,danceability,0.5099253731343282
418,1958,duration_ms,247153.79104477612
419,1958,energy,0.25092850746268663
420,1958,instrumentalness,0.12297047671641789
421,1958,key,4.746268656716418
422,1958,liveness,0.15658208955223876
423,1958,loudness,-15.137417910447763
424,1958,mode,0.5970149253731343
425,1958,speechiness,0.05017014925373134
426,1958,tempo,109.55341791044775
427,1958,time_signature,3.8805970149253732
428,1958,valence,0.4328194029850747
429,1959,acousticness,0.8359756097560977
430,1959,danceability,0.5067987804878051
431,1959,duration_ms,298423.23170731706
432,1959,energy,0.23807560975609757
433,1959,instrumentalness,0.2811773474390244
434,1959,key,5.0
435,1959,liveness,0.14632317073170734
436,1959,loudness,-14.871634146341469
437,1959,mode,0.5975609756097561
438,1959,speechiness,0.049417073170731685
439,1959,tempo,109.7952804878049
440,1959,time_signature,3.8902439024390243
441,1959,valence,0.4092451219512195
442,1960,acousticness,0.8189178082191778
443,1960,danceability,0.5148356164383563
444,1960,duration_ms,234355.1095890411
445,1960,energy,0.27236904109589044
446,1960,instrumentalness,0.25132774876712327
447,1960,key,4.465753424657534
448,1960,liveness,0.16854383561643832
449,1960,loudness,-13.84445205479452
450,1960,mode,0.6027397260273972
451,1960,speechiness,0.05005479452054795
452,1960,tempo,112.50563013698635
453,1960,time_signature,3.835616438356164
454,1960,valence,0.4660219178082191
455,1961,acousticness,0.8626376811594203
456,1961,danceability,0.472
457,1961,duration_ms,346139.49275362317
458,1961,energy,0.21116072463768115
459,1961,instrumentalness,0.4743530088405798
460,1961,key,4.188405797101449
461,1961,liveness,0.18903043478260864
462,1961,loudness,-17.00405797101449
463,1961,mode,0.6811594202898551
464,1961,speechiness,0.04143913043478261
465,1961,tempo,108.81671014492757
466,1961,time_signature,3.753623188405797
467,1961,valence,0.33747536231884057
468,1962,acousticness,0.7634439436619719
469,1962,danceability,0.5114084507042255
470,1962,duration_ms,237697.61971830987
471,1962,energy,0.3029943661971833
472,1962,instrumentalness,0.21826174788732397
473,1962,key,5.577464788732394
474,1962,liveness,0.13569295774647888
475,1962,loudness,-14.820126760563381
476,1962,mode,0.6338028169014085
477,1962,speechiness,0.054683098591549295
478,1962,tempo,118.37661971830983
479,1962,time_signature,3.7183098591549295
480,1962,valence,0.48415070422535206
481,1963,acousticness,0.7893678160919538
482,1963,danceability,0.5063724137931034
483,1963,duration_ms,266095.4252873563
484,1963,energy,0.2617222988505747
485,1963,instrumentalness,0.27544635022988506
486,1963,key,5.183908045977011
487,1963,liveness,0.16790804597701148
488,1963,loudness,-15.871448275862056
489,1963,mode,0.5977011494252874
490,1963,speechiness,0.0478448275862069
491,1963,tempo,109.55104597701148
492,1963,time_signature,3.6666666666666665
493,1963,valence,0.4289218390804596
494,1964,acousticness,0.6979805913978497
495,1964,danceability,0.535193548387097
496,1964,duration_ms,233337.37634408602
497,1964,energy,0.33803516129032246
498,1964,instrumentalness,0.17166925483870968
499,1964,key,4.89247311827957
500,1964,liveness,0.14055698924731186
501,1964,loudness,-13.753268817204303
502,1964,mode,0.6989247311827957
503,1964,speechiness,0.04524301075268816
504,1964,tempo,116.85598924731185
505,1964,time_signature,3.752688172043011
506,1964,valence,0.5150387096774195
507,1965,acousticness,0.5546300000000001
508,1965,danceability,0.5149662921348315
509,1965,duration_ms,201072.05617977527
510,1965,energy,0.47294157303370793
511,1965,instrumentalness,0.11228224505617974
512,1965,key,5.46067415730337
513,1965,liveness,0.17013258426966296
514,1965,loudness,-11.96985393258427
515,1965,mode,0.7640449438202247
516,1965,speechiness,0.04806067415730336
517,1965,tempo,126.71144943820222
518,1965,time_signature,3.831460674157303
519,1965,valence,0.5943719101123596
520,1966,acousticness,0.5156303148148148
521,1966,danceability,0.5143333333333333
522,1966,duration_ms,214831.21296296295
523,1966,energy,0.45886481481481467
524,1966,instrumentalness,0.1400684178703703
525,1966,key,4.472222222222222
526,1966,liveness,0.16948240740740741
527,1966,loudness,-11.559740740740741
528,1966,mode,0.7129629629629629
529,1966,speechiness,0.048842592592592576
530,1966,tempo,118.00340740740747
531,1966,time_signature,3.75
532,1966,valence,0.5926666666666668
533,1967,acousticness,0.4919134074074075
534,1967,danceability,0.5101037037037036
535,1967,duration_ms,232149.8962962963
536,1967,energy,0.47697259259259284
537,1967,instrumentalness,0.1375013607407407
538,1967,key,5.148148148148148
539,1967,liveness,0.1820044444444444
540,1967,loudness,-11.65651851851852
541,1967,mode,0.7555555555555555
542,1967,speechiness,0.05440370370370372
543,1967,tempo,118.95379259259258
544,1967,time_signature,3.748148148148148
545,1967,valence,0.5738222222222221
546,1968,acousticness,0.4282630208333333
547,1968,danceability,0.5037013888888889
548,1968,duration_ms,249780.88888888888
549,1968,energy,0.46544027777777786
550,1968,instrumentalness,0.06513947430555557
551,1968,key,5.180555555555555
552,1968,liveness,0.18004097222222235
553,1968,loudness,-11.851090277777777
554,1968,mode,0.7361111111111112
555,1968,speechiness,0.05855208333333331
556,1968,tempo,120.16553472222222
557,1968,time_signature,3.7222222222222223
558,1968,valence,0.5812881944444445
559,1969,acousticness,0.4588179147727274
560,1969,danceability,0.5017215909090911
561,1969,duration_ms,236682.20454545456
562,1969,energy,0.4704670454545454
563,1969,instrumentalness,0.11067856090909091
564,1969,key,4.7272727272727275
565,1969,liveness,0.18115227272727272
566,1969,loudness,-12.134505681818188
567,1969,mode,0.7215909090909091
568,1969,speechiness,0.050832954545454556
569,1969,tempo,120.38328977272728
570,1969,time_signature,3.7670454545454546
571,1969,valence,0.5677625000000006
572,1970,acousticness,0.48172250133333344
573,1970,danceability,0.5091799999999999
574,1970,duration_ms,268831.92
575,1970,energy,0.48186133333333325
576,1970,instrumentalness,0.18212406806666667
577,1970,key,4.953333333333333
578,1970,liveness,0.1773606666666666
579,1970,loudness,-12.309853333333333
580,1970,mode,0.7266666666666667
581,1970,speechiness,0.043582000000000023
582,1970,tempo,117.48716666666665
583,1970,time_signature,3.84
584,1970,valence,0.574382
585,1971,acousticness,0.4312429846153846
586,1971,danceability,0.518976923076923
587,1971,duration_ms,256921.8230769231
588,1971,energy,0.5296361538461536
589,1971,instrumentalness,0.1095577158461538
590,1971,key,4.923076923076923
591,1971,liveness,0.19643384615384615
592,1971,loudness,-11.528223076923078
593,1971,mode,0.7384615384615385
594,1971,speechiness,0.05181923076923077
595,1971,tempo,122.90303846153847
596,1971,time_signature,3.8461538461538463
597,1971,valence,0.5890315384615381
598,1972,acousticness,0.49252991452991446
599,1972,danceability,0.5385102564102565
600,1972,duration_ms,234892.8205128205
601,1972,energy,0.5270811965811967
602,1972,instrumentalness,0.165200660940171
603,1972,key,5.128205128205129
604,1972,liveness,0.21446239316239313
605,1972,loudness,-11.045495726495727
606,1972,mode,0.7521367521367521
607,1972,speechiness,0.05348803418803415
608,1972,tempo,121.49239316239326
609,1972,time_signature,3.8119658119658117
610,1972,valence,0.6056589743589744
611,1973,acousticness,0.37337921739130425
612,1973,danceability,0.5064000000000001
613,1973,duration_ms,255956.26086956522
614,1973,energy,0.5501730434782608
615,1973,instrumentalness,0.12893492217391309
616,1973,key,4.939130434782609
617,1973,liveness,0.18762521739130436
618,1973,loudness,-11.022686956521738
619,1973,mode,0.7739130434782608
620,1973,speechiness,0.0567521739130435
621,1973,tempo,117.27571304347822
622,1973,time_signature,3.8521739130434782
623,1973,valence,0.591115652173913
624,1974,acousticness,0.4539370000000001
625,1974,danceability,0.5094624999999999
626,1974,duration_ms,272770.4875
627,1974,energy,0.512027875
628,1974,instrumentalness,0.209987222125
629,1974,key,5.9
630,1974,liveness,0.17589500000000005
631,1974,loudness,-12.18615
632,1974,mode,0.675
633,1974,speechiness,0.05404749999999999
634,1974,tempo,116.69657500000001
635,1974,time_signature,3.85
636,1974,valence,0.5694049999999998
637,1975,acousticness,0.43129764227642287
638,1975,danceability,0.5104544715447156
639,1975,duration_ms,272722.30894308945
640,1975,energy,0.5327232520325202
641,1975,instrumentalness,0.1417884118699187
642,1975,key,5.276422764227642
643,1975,liveness,0.16257479674796751
644,1975,loudness,-11.555983739837394
645,1975,mode,0.7398373983739838
646,1975,speechiness,0.04522276422764227
647,1975,tempo,118.84922764227642
648,1975,time_signature,3.869918699186992
649,1975,valence,0.5775252032520326
650,1976,acousticness,0.43414954615384627
651,1976,danceability,0.4768442307692307
652,1976,duration_ms,266867.4326923077
653,1976,energy,0.5471136538461538
654,1976,instrumentalness,0.2321918664423076
655,1976,key,5.701923076923077
656,1976,liveness,0.19507692307692304
657,1976,loudness,-11.000442307692303
658,1976,mode,0.7019230769230769
659,1976,speechiness,0.05968365384615385
660,1976,tempo,124.83375961538465
661,1976,time_signature,3.826923076923077
662,1976,valence,0.49579903846153833
663,1977,acousticness,0.28678550738461545
664,1977,danceability,0.5004615384615384
665,1977,duration_ms,260354.73076923078
666,1977,energy,0.6136761538461538
667,1977,instrumentalness,0.14984554592307694
668,1977,key,5.2615384615384615
669,1977,liveness,0.23062846153846156
670,1977,loudness,-10.03573846153847
671,1977,mode,0.7076923076923077
672,1977,speechiness,0.0584746153846154
673,1977,tempo,129.50951538461538
674,1977,time_signature,3.9076923076923076
675,1977,valence,0.5846738461538459
676,1978,acousticness,0.32404089473684194
677,1978,danceability,0.5555488721804511
678,1978,duration_ms,256000.36842105264
679,1978,energy,0.5932571428571426
680,1978,instrumentalness,0.10340189759398495
681,1978,key,4.7669172932330826
682,1978,liveness,0.1917646616541354
683,1978,loudness,-9.934526315789476
684,1978,mode,0.7443609022556391
685,1978,speechiness,0.062427819548872186
686,1978,tempo,126.13302255639097
687,1978,time_signature,3.857142857142857
688,1978,valence,0.6066037593984963
689,1979,acousticness,0.23689783284552834
690,1979,danceability,0.5750243902439024
691,1979,duration_ms,258038.23577235773
692,1979,energy,0.6400479674796747
693,1979,instrumentalness,0.0944373833333333
694,1979,key,5.032520325203252
695,1979,liveness,0.18053658536585362
696,1979,loudness,-10.0580650406504
697,1979,mode,0.6341463414634146
698,1979,speechiness,0.06953658536585365
699,1979,tempo,123.42228455284544
700,1979,time_signature,3.967479674796748
701,1979,valence,0.6134065040650404
702,1980,acousticness,0.2634507569444445
703,1980,danceability,0.530097222222222
704,1980,duration_ms,245446.79166666666
705,1980,energy,0.6247943055555558
706,1980,instrumentalness,0.12718674340277777
707,1980,key,4.993055555555555
708,1980,liveness,0.18934375000000003
709,1980,loudness,-9.789201388888895
710,1980,mode,0.7361111111111112
711,1980,speechiness,0.059277777777777776
712,1980,tempo,124.4765625
713,1980,time_signature,3.9583333333333335
714,1980,valence,0.5716861111111111
715,1981,acousticness,0.3812104999999999
716,1981,danceability,0.510164705882353
717,1981,duration_ms,248020.34453781514
718,1981,energy,0.5482959663865545
719,1981,instrumentalness,0.21051331403361348
720,1981,key,4.823529411764706
721,1981,liveness,0.18900000000000003
722,1981,loudness,-11.41578991596639
723,1981,mode,0.680672268907563
724,1981,speechiness,0.047031932773109235
725,1981,tempo,124.45216806722694
726,1981,time_signature,3.8487394957983194
727,1981,valence,0.5142655462184873
728,1982,acousticness,0.328183888699187
729,1982,danceability,0.53349756097561
730,1982,duration_ms,266038.1219512195
731,1982,energy,0.611969837398374
732,1982,instrumentalness,0.10865491495934958
733,1982,key,4.975609756097561
734,1982,liveness,0.22945853658536586
735,1982,loudness,-10.536691056910577
736,1982,mode,0.6829268292682927
737,1982,speechiness,0.05599593495934959
738,1982,tempo,115.14560162601624
739,1982,time_signature,3.9186991869918697
740,1982,valence,0.5268837398373982
741,1983,acousticness,0.36926326458015285
742,1983,danceability,0.4916152671755723
743,1983,duration_ms,268888.01526717556
744,1983,energy,0.5804305343511449
745,1983,instrumentalness,0.20877954282442743
746,1983,key,4.67175572519084
747,1983,liveness,0.18608702290076326
748,1983,loudness,-11.628053435114499
749,1983,mode,0.6717557251908397
750,1983,speechiness,0.06381679389312976
751,1983,tempo,119.07701526717557
752,1983,time_signature,3.8473282442748094
753,1983,valence,0.5054320610687023
754,1984,acousticness,0.32846747791411035
755,1984,danceability,0.4573914110429449
756,1984,duration_ms,279936.7055214724
757,1984,energy,0.5781446625766867
758,1984,instrumentalness,0.1712337166257668
759,1984,key,4.987730061349693
760,1984,liveness,0.1916496932515338
761,1984,loudness,-11.609239263803685
762,1984,mode,0.7300613496932515
763,1984,speechiness,0.050511656441717775
764,1984,tempo,120.80781595092026
765,1984,time_signature,3.914110429447853
766,1984,valence,0.475301226993865
767,1985,acousticness,0.35149563739436607
768,1985,danceability,0.5074422535211267
769,1985,duration_ms,259215.32394366196
770,1985,energy,0.5693707042253519
771,1985,instrumentalness,0.14132395838028172
772,1985,key,4.887323943661972
773,1985,liveness,0.16102887323943657
774,1985,loudness,-11.445218309859156
775,1985,mode,0.6619718309859155
776,1985,speechiness,0.05590140845070424
777,1985,tempo,114.34719014084503
778,1985,time_signature,3.915492957746479
779,1985,valence,0.4713450704225352
780,1986,acousticness,0.33177397735632186
781,1986,danceability,0.5143971264367818
782,1986,duration_ms,268778.6264367816
783,1986,energy,0.610109597701149
784,1986,instrumentalness,0.14191011660919534
785,1986,key,4.982758620689655
786,1986,liveness,0.1834540229885058
787,1986,loudness,-10.559327586206896
788,1986,mode,0.6494252873563219
789,1986,speechiness,0.06964770114942528
790,1986,tempo,123.26701724137936
791,1986,time_signature,3.913793103448276
792,1986,valence,0.522690804597701
793,1987,acousticness,0.3935199107142856
794,1987,danceability,0.5081153846153847
795,1987,duration_ms,278838.43406593404
796,1987,energy,0.5672459890109889
797,1987,instrumentalness,0.13464314604395608
798,1987,key,4.5989010989010985
799,1987,liveness,0.18246593406593412
800,1987,loudness,-11.382390109890109
801,1987,mode,0.7197802197802198
802,1987,speechiness,0.053425824175824164
803,1987,tempo,121.05641208791202
804,1987,time_signature,3.923076923076923
805,1987,valence,0.4684510989010989
806,1988,acousticness,0.42338352631355936
807,1988,danceability,0.45806694915254215
808,1988,duration_ms,306869.3559322034
809,1988,energy,0.5138502966101693
810,1988,instrumentalness,0.32550363241525415
811,1988,key,5.203389830508475
812,1988,liveness,0.18321694915254239
813,1988,loudness,-13.2288220338983
814,1988,mode,0.6779661016949152
815,1988,speechiness,0.06114449152542375
816,1988,tempo,116.1509915254237
817,1988,time_signature,3.8516949152542375
818,1988,valence,0.4265016949152541
819,1989,acousticness,0.419127255905512
820,1989,danceability,0.5132417322834646
821,1989,duration_ms,275538.9251968504
822,1989,energy,0.49901803149606294
823,1989,instrumentalness,0.16624428271653552
824,1989,key,5.44488188976378
825,1989,liveness,0.17265629921259848
826,1989,loudness,-12.62502755905512
827,1989,mode,0.6614173228346457
828,1989,speechiness,0.049571653543307115
829,1989,tempo,118.37153543307082
830,1989,time_signature,3.9291338582677167
831,1989,valence,0.4720795275590554
832,1990,acousticness,0.48070987555232525
833,1990,danceability,0.4741633720930231
834,1990,duration_ms,290518.2936046512
835,1990,energy,0.47232401162790677
836,1990,instrumentalness,0.22127507383720943
837,1990,key,5.020348837209302
838,1990,liveness,0.1878098837209302
839,1990,loudness,-13.50689825581396
840,1990,mode,0.6947674418604651
841,1990,speechiness,0.05794970930232562
842,1990,tempo,118.41143023255816
843,1990,time_signature,3.866279069767442
844,1990,valence,0.4199485465116279
845,1991,acousticness,0.427703120182371
846,1991,danceability,0.48529209726443717
847,1991,duration_ms,287253.0972644377
848,1991,energy,0.4616310030395138
849,1991,instrumentalness,0.22879088826747712
850,1991,key,5.425531914893617
851,1991,liveness,0.1840504559270517
852,1991,loudness,-13.720474164133734
853,1991,mode,0.6778115501519757
854,1991,speechiness,0.05326960486322189
855,1991,tempo,116.72559878419449
856,1991,time_signature,3.82370820668693
857,1991,valence,0.4242768996960484
858,1992,acousticness,0.3954102443988268
859,1992,danceability,0.5176718475073311
860,1992,duration_ms,278255.06744868035
861,1992,energy,0.5234616656891491
862,1992,instrumentalness,0.19987784560117303
863,1992,key,5.158357771260997
864,1992,liveness,0.2057706744868037
865,1992,loudness,-12.227167155425217
866,1992,mode,0.6686217008797654
867,1992,speechiness,0.06111260997067449
868,1992,tempo,118.32435777126106
869,1992,time_signature,3.8944281524926687
870,1992,valence,0.4962187683284453
871,1993,acousticness,0.45827590583798883
872,1993,danceability,0.5010131284916205
873,1993,duration_ms,289037.22067039105
874,1993,energy,0.461252793296089
875,1993,instrumentalness,0.2252371782681564
876,1993,key,5.477653631284916
877,1993,liveness,0.17485279329608924
878,1993,loudness,-13.523670391061456
879,1993,mode,0.7458100558659218
880,1993,speechiness,0.06447765363128491
881,1993,tempo,115.95225418994403
882,1993,time_signature,3.840782122905028
883,1993,valence,0.4463874301675975
884,1994,acousticness,0.46101446764091886
885,1994,danceability,0.4968457202505225
886,1994,duration_ms,289695.89770354907
887,1994,energy,0.46774620041753684
888,1994,instrumentalness,0.22768011394572021
889,1994,key,4.941544885177453
890,1994,liveness,0.16521064718162842
891,1994,loudness,-13.238334029227563
892,1994,mode,0.6951983298538622
893,1994,speechiness,0.059906889352818425
894,1994,tempo,115.05483507306889
895,1994,time_signature,3.835073068893528
896,1994,valence,0.4352446764091865
897,1995,acousticness,0.4490717562352945
898,1995,danceability,0.5210917647058826
899,1995,duration_ms,270720.2870588235
900,1995,energy,0.4911271529411766
901,1995,instrumentalness,0.20079170816470604
902,1995,key,5.308235294117647
903,1995,liveness,0.1801261176470586
904,1995,loudness,-12.279910588235294
905,1995,mode,0.668235294117647
906,1995,speechiness,0.06516164705882353
907,1995,tempo,115.12687058823533
908,1995,time_signature,3.8588235294117648
909,1995,valence,0.4584284705882353
910,1996,acousticness,0.4114267556403267
911,1996,danceability,0.5477986376021797
912,1996,duration_ms,273279.2234332425
913,1996,energy,0.5338897275204357
914,1996,instrumentalness,0.16334347302452323
915,1996,key,5.37874659400545
916,1996,liveness,0.18589673024523154
917,1996,loudness,-10.96335694822889
918,1996,mode,0.6811989100817438
919,1996,speechiness,0.06835531335149862
920,1996,tempo,116.67622888283371
921,1996,time_signature,3.885558583106267
922,1996,valence,0.5023558583106263
923,1997,acousticness,0.4301069098317757
924,1997,danceability,0.524311214953271
925,1997,duration_ms,273379.4542056075
926,1997,energy,0.5109220000000002
927,1997,instrumentalness,0.2041852582429907
928,1997,key,5.132710280373832
929,1997,liveness,0.18355831775700934
930,1997,loudness,-11.67617009345795
931,1997,mode,0.6504672897196262
932,1997,speechiness,0.0626639252336449
933,1997,tempo,116.07138130841115
934,1997,time_signature,3.8672897196261684
935,1997,valence,0.471434018691589
936,1998,acousticness,0.45264780902255625
937,1998,danceability,0.5281201127819547
938,1998,duration_ms,277458.6203007519
939,1998,energy,0.49233979323308263
940,1998,instrumentalness,0.21108222909774424
941,1998,key,5.409774436090226
942,1998,liveness,0.17156454887218034
943,1998,loudness,-11.99468609022557
944,1998,mode,0.650375939849624
945,1998,speechiness,0.06539172932330832
946,1998,tempo,114.82182894736837
947,1998,time_signature,3.898496240601504
948,1998,valence,0.4610648496240607
949,1999,acousticness,0.409416848880157
950,1999,danceability,0.5441587426326132
951,1999,duration_ms,270164.33398821217
952,1999,energy,0.5400771316306477
953,1999,instrumentalness,0.16417233577603152
954,1999,key,4.994106090373281
955,1999,liveness,0.17502161100196445
956,1999,loudness,-10.627595284872294
957,1999,mode,0.6797642436149313
958,1999,speechiness,0.06970589390962677
959,1999,tempo,118.5390943025539
960,1999,time_signature,3.9037328094302555
961,1999,valence,0.4909984282907661
962,2000,acousticness,0.4081626840647484
963,2000,danceability,0.5407334532374098
964,2000,duration_ms,266508.15647482016
965,2000,energy,0.5304729496402876
966,2000,instrumentalness,0.15845733787769783
967,2000,key,5.336330935251799
968,2000,liveness,0.1744370503597121
969,2000,loudness,-10.59541007194244
970,2000,mode,0.6420863309352518
971,2000,speechiness,0.06484082733812951
972,2000,tempo,117.81182733812942
973,2000,time_signature,3.897482014388489
974,2000,valence,0.4881944244604319
975,2001,acousticness,0.3795692322297296
976,2001,danceability,0.5443684121621616
977,2001,duration_ms,260119.79222972973
978,2001,energy,0.5671684797297294
979,2001,instrumentalness,0.1539012725844595
980,2001,key,5.403716216216216
981,2001,liveness,0.19548902027027035
982,2001,loudness,-9.379381756756754
983,2001,mode,0.652027027027027
984,2001,speechiness,0.06750354729729728
985,2001,tempo,117.82180574324317
986,2001,time_signature,3.8986486486486487
987,2001,valence,0.45392027027027065
988,2002,acousticness,0.3986054778233436
989,2002,danceability,0.5446335962145106
990,2002,duration_ms,256928.3690851735
991,2002,energy,0.5558421924290223
992,2002,instrumentalness,0.14681434094637216
993,2002,key,5.0883280757097795
994,2002,liveness,0.17350962145110382
995,2002,loudness,-9.813858044164029
996,2002,mode,0.6703470031545742
997,2002,speechiness,0.06407444794952682
998,2002,tempo,118.81238012618303
999,2002,time_signature,3.889589905362776
1000,2002,valence,0.4764667192429025
1001,2003,acousticness,0.39741409918181836
1002,2003,danceability,0.5331792424242429
1003,2003,duration_ms,251140.24696969698
1004,2003,energy,0.5654835909090917
1005,2003,instrumentalness,0.138752454939394
1006,2003,key,5.128787878787879
1007,2003,liveness,0.17185045454545458
1008,2003,loudness,-9.666899999999998
1009,2003,mode,0.6909090909090909
1010,2003,speechiness,0.06666045454545451
1011,2003,tempo,117.8288272727273
1012,2003,time_signature,3.9015151515151514
1013,2003,valence,0.4512512121212119
1014,2004,acousticness,0.4040379825306124
1015,2004,danceability,0.5456681632653061
1016,2004,duration_ms,251420.77959183673
1017,2004,energy,0.5689273061224488
1018,2004,instrumentalness,0.13874781187755092
1019,2004,key,5.443537414965986
1020,2004,liveness,0.17670394557823113
1021,2004,loudness,-9.247180952380935
1022,2004,mode,0.6448979591836734
1023,2004,speechiness,0.06931183673469393
1024,2004,tempo,117.50071020408171
1025,2004,time_signature,3.869387755102041
1026,2004,valence,0.46626857142857114
1027,2005,acousticness,0.4118814309346991
1028,2005,danceability,0.5611012804097314
1029,2005,duration_ms,261453.28169014084
1030,2005,energy,0.5625102048655573
1031,2005,instrumentalness,0.1355055713700385
1032,2005,key,5.1600512163892445
1033,2005,liveness,0.1780359795134443
1034,2005,loudness,-9.151542893725972
1035,2005,mode,0.678617157490397
1036,2005,speechiness,0.07098450704225341
1037,2005,tempo,117.94415108834814
1038,2005,time_signature,3.9026888604353394
1039,2005,valence,0.4860455825864276
1040,2006,acousticness,0.4178540192124999
1041,2006,danceability,0.547634625
1042,2006,duration_ms,264517.805
1043,2006,energy,0.5492653875000006
1044,2006,instrumentalness,0.1329431498125
1045,2006,key,5.18
1046,2006,liveness,0.1752477500000001
1047,2006,loudness,-9.26674625
1048,2006,mode,0.6525
1049,2006,speechiness,0.06114574999999996
1050,2006,tempo,118.13940875000014
1051,2006,time_signature,3.8825
1052,2006,valence,0.47995337500000035
1053,2007,acousticness,0.44473258407494165
1054,2007,danceability,0.5421929742388761
1055,2007,duration_ms,271511.79274004686
1056,2007,energy,0.5543206206088995
1057,2007,instrumentalness,0.14485340811475414
1058,2007,key,5.225995316159251
1059,2007,liveness,0.18473243559718963
1060,2007,loudness,-9.333507025761124
1061,2007,mode,0.6791569086651054
1062,2007,speechiness,0.06072903981264629
1063,2007,tempo,118.64683138173278
1064,2007,time_signature,3.889929742388759
1065,2007,valence,0.4638247072599528
1066,2008,acousticness,0.4093040804704296
1067,2008,danceability,0.5378068548387097
1068,2008,duration_ms,269903.6317204301
1069,2008,energy,0.5580687903225812
1070,2008,instrumentalness,0.15534694435483867
1071,2008,key,5.186827956989247
1072,2008,liveness,0.1719581989247311
1073,2008,loudness,-9.391974462365585
1074,2008,mode,0.6733870967741935
1075,2008,speechiness,0.05381102150537628
1076,2008,tempo,121.75104301075267
1077,2008,time_signature,3.9086021505376345
1078,2008,valence,0.4524012096774192
1079,2009,acousticness,0.42341197997260327
1080,2009,danceability,0.5336931506849316
1081,2009,duration_ms,260842.9109589041
1082,2009,energy,0.5479251917808227
1083,2009,instrumentalness,0.15326429224657517
1084,2009,key,5.189041095890411
1085,2009,liveness,0.18654808219178057
1086,2009,loudness,-9.499595890410962
1087,2009,mode,0.6383561643835617
1088,2009,speechiness,0.06426260273972603
1089,2009,tempo,118.55579452054792
1090,2009,time_signature,3.8904109589041096
1091,2009,valence,0.43364958904109524
1092,2010,acousticness,0.40649624236812554
1093,2010,danceability,0.5423113355780024
1094,2010,duration_ms,250259.89225589225
1095,2010,energy,0.5642395061728388
1096,2010,instrumentalness,0.17154267025813688
1097,2010,key,5.139169472502806
1098,2010,liveness,0.17812413019079695
1099,2010,loudness,-9.37051739618407
1100,2010,mode,0.654320987654321
1101,2010,speechiness,0.05920157126823789
1102,2010,tempo,122.03794612794611
1103,2010,time_signature,3.8742985409652078
1104,2010,valence,0.47182940516273897
1105,2011,acousticness,0.4219282697412017
1106,2011,danceability,0.5264017598343681
1107,2011,duration_ms,259827.15217391305
1108,2011,energy,0.5506848654244305
1109,2011,instrumentalness,0.1861556800414077
1110,2011,key,5.200828157349896
1111,2011,liveness,0.18430921325051752
1112,2011,loudness,-9.410750517598332
1113,2011,mode,0.6459627329192547
1114,2011,speechiness,0.06301894409937887
1115,2011,tempo,120.93945134575571
1116,2011,time_signature,3.883022774327122
1117,2011,valence,0.43176252587991754
1118,2012,acousticness,0.40823298964732746
1119,2012,danceability,0.5215600682593855
1120,2012,duration_ms,256261.41979522185
1121,2012,energy,0.5528735949943118
1122,2012,instrumentalness,0.19237230069397043
1123,2012,key,5.154721274175199
1124,2012,liveness,0.18055278725824778
1125,2012,loudness,-9.581522184300347
1126,2012,mode,0.676905574516496
1127,2012,speechiness,0.057351535836177456
1128,2012,tempo,118.6287178612058
1129,2012,time_signature,3.920364050056883
1130,2012,valence,0.4107868031854379
1131,2013,acousticness,0.4383372626456988
1132,2013,danceability,0.528140055504163
1133,2013,duration_ms,253491.8501387604
1134,2013,energy,0.5377567622571688
1135,2013,instrumentalness,0.17486739111008326
1136,2013,key,4.853839037927845
1137,2013,liveness,0.17741526364477345
1138,2013,loudness,-9.598812210915801
1139,2013,mode,0.6725254394079556
1140,2013,speechiness,0.0610119333950046
1141,2013,tempo,119.4115467160036
1142,2013,time_signature,3.893617021276596
1143,2013,valence,0.416338852913969
1144,2014,acousticness,0.43496601099050314
1145,2014,danceability,0.5405421302578016
1146,2014,duration_ms,248338.8500678426
1147,2014,energy,0.543534911804614
1148,2014,instrumentalness,0.14613285203527807
1149,2014,key,5.0359565807327
1150,2014,liveness,0.17395115332428757
1151,2014,loudness,-9.227837177747627
1152,2014,mode,0.66078697421981
1153,2014,speechiness,0.06352089552238806
1154,2014,tempo,119.10521777476248
1155,2014,time_signature,3.914518317503392
1156,2014,valence,0.43459674355495187
1157,2015,acousticness,0.4339764140104172
1158,2015,danceability,0.5435017578125
1159,2015,duration_ms,243617.36979166666
1160,2015,energy,0.5428941861979163
1161,2015,instrumentalness,0.1668826461653646
1162,2015,key,5.167317708333333
1163,2015,liveness,0.1773888020833332
1164,2015,loudness,-9.681283203125
1165,2015,mode,0.646484375
1166,2015,speechiness,0.06591888020833331
1167,2015,tempo,118.8049244791665
1168,2015,time_signature,3.8834635416666665
1169,2015,valence,0.43152773437499836
1170,2016,acousticness,0.43539364572906325
1171,2016,danceability,0.5430477832512325
1172,2016,duration_ms,241812.7147783251
1173,2016,energy,0.5356302118226607
1174,2016,instrumentalness,0.1513783310492611
1175,2016,key,5.374876847290641
1176,2016,liveness,0.17512201970443392
1177,2016,loudness,-9.175905911330037
1178,2016,mode,0.6581280788177339
1179,2016,speechiness,0.06529389162561577
1180,2016,tempo,117.60761822660103
1181,2016,time_signature,3.8866995073891624
1182,2016,valence,0.41647009852216776
1183,2017,acousticness,0.4226859323192363
1184,2017,danceability,0.5610340609367893
1185,2017,duration_ms,238805.53842655753
1186,2017,energy,0.5469712232833113
1187,2017,instrumentalness,0.1512167322964986
1188,2017,key,5.365165984538427
1189,2017,liveness,0.16848540245566174
1190,2017,loudness,-8.981448385629813
1191,2017,mode,0.6666666666666666
1192,2017,speechiness,0.07387539790813999
1193,2017,tempo,118.08337517053214
1194,2017,time_signature,3.8849477035015916
1195,2017,valence,0.42770031832651195
1196,2018,acousticness,0.4009850084725358
1197,2018,danceability,0.5784639202407831
1198,2018,duration_ms,229674.23626787058
1199,2018,energy,0.5567600575620774
1200,2018,instrumentalness,0.1637507010948081
1201,2018,key,5.457863054928517
1202,2018,liveness,0.1689221971407078
1203,2018,loudness,-8.772455605718585
1204,2018,mode,0.6448457486832204
1205,2018,speechiness,0.0776117757712566
1206,2018,tempo,119.16567419112125
1207,2018,time_signature,3.906696764484575
1208,2018,valence,0.4331843115124152
1209,2019,acousticness,0.4430789014203614
1210,2019,danceability,0.5539461685823767
1211,2019,duration_ms,224549.13875205253
1212,2019,energy,0.5242907775041038
1213,2019,instrumentalness,0.24203535060755307
1214,2019,key,5.262725779967159
1215,2019,liveness,0.16163396278051417
1216,2019,loudness,-10.064596059113274
1217,2019,mode,0.6499726327312534
1218,2019,speechiness,0.07680205254515586
1219,2019,tempo,117.61783607006014
1220,2019,time_signature,3.8968253968253967
1221,2019,valence,0.4082222769567598
1222,2020,acousticness,0.5044636324439389
1223,2020,danceability,0.5388585143658036
1224,2020,duration_ms,217824.12070777855
1225,2020,energy,0.47391556604765267
1226,2020,instrumentalness,0.2973284201454101
1227,2020,key,5.20374912403644
1228,2020,liveness,0.15653954099509423
1229,2020,loudness,-11.648527855641184
1230,2020,mode,0.6643307638402243
1231,2020,speechiness,0.07293475823405739
1232,2020,tempo,116.76510546601293
1233,2020,time_signature,3.8624737210932025
1234,2020,valence,0.3843875963559924
1235,2021,acousticness,0.5139220655968805
1236,2021,danceability,0.5489898956906522
1237,2021,duration_ms,206499.02844800337
1238,2021,energy,0.4482728990622676
1239,2021,instrumentalness,0.38654312624486165
1240,2021,key,5.196501949215046
1241,2021,liveness,0.15319339374143978
1242,2021,loudness,-12.619483089242467
1243,2021,mode,0.6435570540512064
1244,2021,speechiness,0.07201476135286063
1245,2021,tempo,115.55408292066177
1246,2021,time_signature,3.863028131914445
1247,2021,valence,0.3814971235907707
1248,2022,acousticness,0.5210254473359199
1249,2022,danceability,0.5665975394389652
1250,2022,duration_ms,192325.84165186022
1251,2022,energy,0.44227073838367503
1252,2022,instrumentalness,0.4431664941538782
1253,2022,key,5.2233349485812735
1254,2022,liveness,0.15821394497388777
1255,2022,loudness,-12.53065638292144
1256,2022,mode,0.6219781403112045
1257,2022,speechiness,0.07809201529101399
1258,2022,tempo,115.65900414580317
1259,2022,time_signature,3.857158240456577
1260,2022,valence,0.3707345113874973
1261,2023,acousticness,0.45287316995650745
1262,2023,danceability,0.5728952277395178
1263,2023,duration_ms,197101.24501631025
1264,2023,energy,0.5057172739035883
1265,2023,instrumentalness,0.3087310718134581
1266,2023,key,5.261930651202126
1267,2023,liveness,0.16713018001691504
1268,2023,loudness,-10.77589863477109
1269,2023,mode,0.6271595988884862
1270,2023,speechiness,0.08444026821312074
1271,2023,tempo,117.91221432886367
1272,2023,time_signature,3.887036365833031
1273,2023,valence,0.4065963030083358
